sample_no,candidate_id,v2_rule,v2_decision,v2_reason,v2_confidence,published_2026_09_27,waiting_for_brake,publish_tier
1,loc:f76fe193c163763b,,,,,False,False,no proposal
2,loc:74434b44847ac2d9,,,,,False,False,no proposal
3,loc:66918360f3ba36fd,,,,,False,False,no proposal
4,loc:8f693b04940a4254,MOVED-PH,NOT_CURRENT_GP,moved,auto,True,False,MOVED-PH moved
5,loc:cab5406432e76a18,,,,,False,False,no proposal
6,loc:324c6ca7448c261b,PL-RECENT,VALID,,review,False,False,review confidence
7,loc:68cd0df755e93b61,,,,,False,False,no proposal
8,loc:5d874c5bc7425752,,,,,False,False,no proposal
9,loc:00798b94dfd0fcd5,,,,,False,False,no proposal
10,loc:652fb2d4be51a0da,LIC-CLOSED,NOT_CURRENT_GP,closed,auto,True,False,LIC-CLOSED closed
11,loc:ef4a87d4b6af32fb,,,,,False,False,no proposal
12,loc:f549ca1c4e826ddd,PL-IEMA,VALID,,review,False,False,review confidence
13,loc:7781cd40a088eef0,,,,,False,False,no proposal
14,loc:a9f083121a51215b,PL-RECENT,VALID_CORRECTED,,review,False,False,review confidence
15,loc:7f3dd48b9457f658,,,,,False,False,no proposal
16,loc:0180a7ffa0021235,LIC-CLOSED,NOT_CURRENT_GP,closed,auto,True,False,LIC-CLOSED closed
17,loc:09f37a5fb0a91fc4,LIC-CLOSED,NOT_CURRENT_GP,closed,auto,True,False,LIC-CLOSED closed
18,loc:2d43f5f65fecd72b,,,,,False,False,no proposal
19,loc:ae7873d68702d098,,,,,False,False,no proposal
20,loc:ecc5bbe6dbe66a4d,HOME-R,NOT_CURRENT_GP,home_or_registration,auto,False,True,HOME-R home_or_registration
21,loc:7309ea95df5ec673,HOME-R,NOT_CURRENT_GP,home_or_registration,auto,False,True,HOME-R home_or_registration
22,loc:af8aea4692c8fc3c,,,,,False,False,no proposal
23,loc:aa398bf3a67c5229,PL-RECENT,VALID,,review,False,False,review confidence
24,loc:ad0a62d2220ea5dd,PL-IEMA,VALID,,review,False,False,review confidence
25,loc:23cc28d50a90a435,,,,,False,False,no proposal
26,loc:29a2612ebcdb963c,,,,,False,False,no proposal
27,loc:40801a263924cb2c,MOVED-PH,NOT_CURRENT_GP,moved,auto,False,False,phone-only move: the number may have gone to a buyer
28,loc:cec806b53740bcb1,PL-RECENT,NOT_CURRENT_GP,duplicate,auto,False,False,PL-RECENT duplicate does not publish
29,loc:d001ebae2acf4cc8,PL-IEMA,VALID_CORRECTED,,auto,False,False,v1 IDENTITY_PROBLEM/None: an agent settles it
30,loc:3a3b35ea824272ff,,,,,False,False,no proposal
31,loc:51b440b5e803419d,,,,,False,False,no proposal
32,loc:67364d6daefcb74f,,,,,False,False,no proposal
33,loc:1af753fc5fb6148f,,,,,False,False,no proposal
34,loc:2785b3f2792bcf94,,,,,False,False,no proposal
35,loc:eb7656f0233067ec,,,,,False,False,no proposal
36,loc:67df2e5e9f65d4a0,,,,,False,False,no proposal
37,loc:a9cf22985a2e1558,,,,,False,False,no proposal
38,loc:73e9103bacd76e0d,MOVED-PH,NOT_CURRENT_GP,moved,auto,True,False,MOVED-PH moved
39,loc:8f260609f202502e,,,,,False,False,no proposal
40,loc:0a23508f68c93bca,PL-RECENT,VALID,,auto,True,False,PL-RECENT VALID
41,loc:3410c2ebff47c435,MOVED-PH,NOT_CURRENT_GP,moved,auto,False,False,phone-only move: the number may have gone to a buyer
42,loc:ead54ace6a6046f9,PL-IEMA,VALID,,auto,True,False,PL-IEMA VALID
43,loc:fb15cebe0e39c0fa,LIC-CLOSED,NOT_CURRENT_GP,closed,auto,False,True,LIC-CLOSED closed
44,loc:55645cb4ad1fec22,PL-CLOSED,NOT_CURRENT_GP,closed,auto,True,False,PL-CLOSED closed
45,loc:b359ca648401ae2f,,,,,False,False,no proposal
46,loc:5d11621291cd3e63,,,,,False,False,no proposal
47,loc:589071c5ba7b19da,MOVED-PH,NOT_CURRENT_GP,moved,auto,True,False,MOVED-PH moved
48,loc:1e94f3062316a574,,,,,False,False,no proposal
49,loc:ad1f5751c55cfde9,,,,,False,False,no proposal
50,loc:5de382d8a8158130,,,,,False,False,no proposal
51,loc:c826b4f0ccd7eaba,,,,,False,False,no proposal
52,loc:008a1ea5f61d59e5,,,,,False,False,no proposal
53,loc:9aa07bb6a325d6b8,,,,,False,False,no proposal
54,loc:32826a704c502f7f,IEMA-LIC,VALID,,review,False,False,review confidence
55,loc:7a7ab64232639890,LIC-CLOSED,NOT_CURRENT_GP,closed,auto,False,True,LIC-CLOSED closed
56,loc:0213cf1fb06e6c72,PL-CLOSED,NOT_CURRENT_GP,closed,auto,True,False,PL-CLOSED closed
57,loc:8ce4047270a6ee72,MOVED-PH,NOT_CURRENT_GP,moved,auto,False,False,phone-only move: the number may have gone to a buyer
58,loc:87e14f7c771c3ada,PL-RECENT,VALID,,auto,True,False,PL-RECENT VALID
59,loc:7392668ccd0bb9a9,PL-RECENT,VALID_CORRECTED,,review,False,False,review confidence
60,loc:c45cbc7a14e891e4,,,,,False,False,no proposal
61,loc:33f03d26ee675903,,,,,False,False,no proposal
62,loc:d318648e80a552ff,,,,,False,False,no proposal
63,loc:81ca5cc5fa7b30b1,,,,,False,False,no proposal
64,loc:66a084f7af99db39,,,,,False,False,no proposal
65,loc:e86d6e38d85a9aef,,,,,False,False,no proposal
66,loc:1d3bc7e08dbb8419,PL-RECENT,VALID,,auto,True,False,PL-RECENT VALID
67,loc:608dbf33eea41e35,,,,,False,False,no proposal
68,loc:a33fe4ff2ad2b37d,MOVED-D,NOT_CURRENT_GP,moved,review,False,False,review confidence
69,loc:869a8f9f260139db,MOVED-D,NOT_CURRENT_GP,moved,review,False,False,review confidence
70,loc:fb5e51c3758487ad,,,,,False,False,no proposal
71,loc:3f62a0f5de5f5034,PL-RECENT,VALID,,review,False,False,review confidence
72,loc:9c2f4fbdad03fbcd,FP-SITE,VALID,,review,False,False,review confidence
73,loc:0b9d4d0cff59cebe,,,,,False,False,no proposal
74,loc:a8d2ede7d8b41fed,PL-RECENT,VALID,,auto,True,False,PL-RECENT VALID
75,loc:23095fd0b8806ab7,,,,,False,False,no proposal
76,loc:9fe03f20431179ac,PL-CLOSED,NOT_CURRENT_GP,closed,auto,True,False,PL-CLOSED closed
77,loc:9465d41c63791f8b,PL-CLOSED,NOT_CURRENT_GP,closed,auto,True,False,PL-CLOSED closed
78,loc:e8cb889012ab1fc9,,,,,False,False,no proposal
79,loc:4d47bc6bed91c123,,,,,False,False,no proposal
80,loc:4396df02b95d7ad2,PL-IEMA,VALID,,auto,True,False,PL-IEMA VALID
81,loc:c324ab3e0e4df678,PL-CLOSED,NOT_CURRENT_GP,closed,auto,True,False,PL-CLOSED closed
82,loc:a24382d131e21384,PL-IEMA,VALID_CORRECTED,,review,False,False,review confidence
83,loc:395a83c3c41d4177,PL-IEMA,VALID,,review,False,False,review confidence
84,loc:043473cdf729e2a2,,,,,False,False,no proposal
85,loc:13cd97566e5bd0e9,PL-RECENT,VALID,,review,False,False,review confidence
86,loc:edb6dca370203b40,PL-RECENT,VALID_CORRECTED,,review,False,False,review confidence
87,loc:9990f526e487f831,,,,,False,False,no proposal
88,loc:f66e53c5eb7bbc75,PL-RECENT,VALID_CORRECTED,,review,False,False,review confidence
89,loc:ff194a002e2fe902,PL-RECENT,VALID_CORRECTED,,review,False,False,review confidence
90,loc:900b6612b1d9e649,PL-RECENT,VALID_CORRECTED,,review,False,False,review confidence
91,loc:41a086c9bd03fa91,SUCCESSOR,VALID_CORRECTED,,auto,False,False,SUCCESSOR does not publish
92,loc:c965a41730070955,SUCCESSOR,VALID_CORRECTED,,auto,False,False,SUCCESSOR does not publish
93,loc:45dc7f5976b0d2e5,,,,,False,False,no proposal
94,loc:b17218b37046b4da,MOVED-PH,NOT_CURRENT_GP,moved,auto,False,False,phone-only move: the number may have gone to a buyer
95,loc:fcae97516a201b4b,MOVED-PH,NOT_CURRENT_GP,moved,auto,True,False,MOVED-PH moved
96,loc:803ed4d9a8906829,MOVED-PH,NOT_CURRENT_GP,moved,auto,False,False,phone-only move: the number may have gone to a buyer
97,loc:1a33d5b3e44832ff,PL-IEMA,VALID,,review,False,False,review confidence
98,loc:66ba4c4120cb599c,,,,,False,False,no proposal
99,loc:621009b0ea1dcaad,LIC-CLOSED,NOT_CURRENT_GP,closed,auto,True,False,LIC-CLOSED closed
100,loc:8144a7dfceedc631,PL-IEMA,VALID,,review,False,False,review confidence
