zip,city,pilot,stage,directory_rows,excluded_rows,source_candidates,external_discoveries,confirmed,needs_verification,identity_review,status_unresolved,gp_scope_unresolved,location_incomplete,probable_non_office,likely_specialist_only,source_unrepresented,external_pending,researched_unresolved,resolved_excluded,dir_with_coords,dir_missing_coords,dir_coords_recoverable,dir_coords_suspect,dir_site_checked_live,dir_prior_web_research,dir_ownership_review_only,dir_no_prior_research,dir_identity_flagged,open_items,review_items,sources_searched,last_activity,batch_rank
60602,CHICAGO,True,not_started,10,4,2,0,0,6,4,0,2,0,1,1,2,0,0,0,5,5,0,0,0,1,7,2,6,14,8,,,1
60614,CHICAGO,True,not_started,48,12,6,0,0,40,5,3,1,0,0,11,6,0,0,0,23,25,10,0,3,20,14,11,10,55,15,,,2
60622,CHICAGO,True,not_started,48,7,4,0,0,38,7,3,0,0,1,6,4,0,0,0,20,28,11,0,3,13,22,10,13,52,14,,,3
60623,CHICAGO,True,not_started,31,1,4,0,0,29,2,0,0,1,0,1,3,0,0,0,9,22,11,0,1,10,19,1,9,35,5,,,4
60068,PARK RIDGE,True,not_started,49,11,8,0,0,38,10,1,2,0,0,9,8,0,0,0,24,25,11,0,8,25,8,8,15,59,21,,,5
60201,EVANSTON,True,not_started,26,7,1,0,0,18,6,2,0,0,0,7,1,0,0,0,15,11,1,0,4,15,6,1,9,27,9,,,6
60126,ELMHURST,True,not_started,42,10,12,0,0,33,7,1,3,0,0,8,12,0,0,0,17,25,11,0,4,22,12,4,15,56,23,,,7
60540,Naperville,True,not_started,43,15,5,0,0,25,16,2,1,0,2,12,5,0,0,0,26,17,7,0,4,10,21,8,22,49,24,,,8
60517,Woodridge,True,not_started,26,3,1,0,0,21,5,0,1,0,0,2,1,0,0,0,18,8,2,0,1,12,9,4,5,28,7,,,9
60440,Bolingbrook,True,not_started,23,2,2,0,0,20,1,2,0,0,0,2,2,0,0,0,13,10,7,0,6,6,10,1,6,25,5,,,10
60491,Homer Glen,True,not_started,16,2,2,0,0,12,3,1,0,0,1,1,2,0,0,0,9,7,2,0,2,6,6,2,2,18,6,,,11
60426,HARVEY,True,not_started,2,1,0,0,0,2,0,0,0,0,1,0,0,0,0,0,1,1,0,0,0,0,2,0,0,2,0,,,12
60004,ARLINGTON HEIGHTS,False,not_started,44,11,16,0,0,30,14,0,2,0,2,7,16,0,0,0,22,22,7,0,2,20,19,3,16,62,32,,,13
60435,Joliet,False,not_started,42,7,8,0,0,27,12,2,3,2,1,3,7,0,0,0,21,21,9,0,6,20,12,4,13,53,24,,,14
60611,CHICAGO,False,not_started,40,12,8,0,0,28,10,2,3,0,5,4,8,0,0,0,20,20,7,0,0,16,16,8,18,51,23,,,15
60005,ARLINGTON HEIGHTS,False,not_started,39,5,8,0,0,27,8,3,2,0,0,4,8,0,0,0,25,14,8,0,6,21,7,5,15,48,21,,,16
60657,CHICAGO,False,not_started,63,7,11,0,0,55,7,1,2,1,1,4,10,0,0,0,26,37,13,0,7,26,22,8,16,76,20,,,17
60462,ORLAND PARK,False,not_started,47,11,7,0,0,36,11,0,2,0,0,9,7,0,0,0,26,21,9,0,5,22,16,4,15,56,20,,,18
60618,CHICAGO,False,not_started,44,7,6,0,0,32,12,0,0,0,1,6,6,0,0,0,19,25,15,0,3,16,25,0,17,50,18,,,19
60625,CHICAGO,False,not_started,37,4,10,0,0,29,6,2,1,0,2,2,9,0,0,0,16,21,10,0,1,20,12,4,7,47,18,,,20
60010,BARRINGTON,False,not_started,44,18,5,0,0,34,7,2,3,0,9,7,5,0,0,0,22,22,7,0,8,27,7,2,9,51,17,,,21
60089,BUFFALO GROVE,False,not_started,38,6,4,0,0,26,10,1,2,1,0,4,4,0,0,0,20,18,5,0,5,17,13,3,13,44,17,,,22
60062,NORTHBROOK,False,not_started,28,8,7,0,0,18,9,0,1,1,2,5,7,0,0,0,23,5,0,0,3,20,5,0,10,36,17,,,23
60559,Westmont,False,not_started,31,3,4,0,0,21,5,5,2,0,0,1,4,0,0,0,15,16,5,0,2,7,13,9,7,37,16,,,24
60056,MOUNT PROSPECT,False,not_started,46,6,6,0,0,37,9,0,1,1,1,4,5,0,0,0,25,21,9,0,3,30,10,3,14,53,15,,,25
60630,CHICAGO,False,not_started,46,3,4,0,0,35,10,1,0,0,2,1,4,0,0,0,17,29,21,0,1,25,17,3,14,50,15,,,26
60564,Naperville,False,not_started,39,7,9,0,0,33,5,1,1,0,2,5,8,0,0,0,23,16,2,0,4,13,18,4,7,48,15,,,27
60187,WHEATON,False,not_started,35,8,7,0,0,28,7,0,2,1,2,4,6,0,0,0,14,21,6,0,2,21,8,4,11,44,15,,,28
60608,CHICAGO,False,not_started,30,6,11,0,0,26,4,0,1,1,2,3,10,0,0,0,12,18,9,0,1,14,11,4,10,42,15,,,29
60423,FRANKFORT,False,not_started,26,13,7,0,0,18,8,0,1,0,3,10,6,0,0,0,15,11,7,0,3,16,5,2,9,33,15,,,30
60402,BERWYN,False,not_started,48,9,6,0,0,42,5,1,2,0,2,5,6,0,0,0,26,22,4,0,2,22,20,4,19,56,14,,,31
60453,OAK LAWN,False,not_started,43,7,5,0,0,35,7,1,2,1,3,2,4,0,0,0,16,27,19,0,3,24,15,1,12,50,14,,,32
60148,Lombard,False,not_started,39,3,8,0,0,34,4,1,1,0,1,1,8,0,0,0,15,24,9,0,0,22,12,5,7,48,14,,,33
60077,SKOKIE,False,not_started,37,5,8,0,0,28,7,0,0,3,3,2,7,0,0,0,19,18,3,0,5,24,7,1,14,45,14,,,34
60641,CHICAGO,False,not_started,32,5,8,0,0,27,3,2,1,0,2,2,8,0,0,0,13,19,6,0,2,14,13,3,7,41,14,,,35
60506,AURORA,False,not_started,27,3,3,0,0,18,8,1,2,0,0,1,3,0,0,0,14,13,6,0,4,10,11,2,12,32,14,,,36
60173,SCHAUMBURG,False,not_started,22,2,8,0,0,17,3,2,1,0,1,0,8,0,0,0,15,7,2,0,2,13,5,2,8,31,14,,,37
60646,CHICAGO,False,not_started,40,4,9,0,0,35,2,2,1,1,1,3,8,0,0,0,12,28,8,0,2,34,2,2,10,49,13,,,38
60463,PALOS HEIGHTS,False,not_started,34,2,2,0,0,24,9,1,1,0,0,1,2,0,0,0,10,24,11,0,4,12,15,3,10,37,13,,,39
60647,CHICAGO,False,not_started,58,5,8,0,0,53,5,0,0,1,0,5,7,0,0,0,16,42,27,0,0,32,24,2,16,66,12,,,40
60181,OAKBROOK TERRACE,False,not_started,32,8,8,0,0,27,4,1,1,2,1,6,6,0,0,0,21,11,5,0,1,19,11,1,5,41,12,,,41
60515,Downers Grove,False,not_started,34,11,4,0,0,25,8,1,0,1,5,6,3,0,0,0,26,8,1,0,5,12,13,4,8,38,12,,,42
60707,ELMWOOD PARK,False,not_started,23,2,3,0,0,14,8,1,0,0,1,1,3,0,0,0,12,11,5,0,1,13,8,1,9,26,12,,,43
60659,CHICAGO,False,not_started,49,5,7,0,0,43,5,1,0,1,3,3,5,0,0,0,11,38,20,0,1,23,22,3,11,55,11,,,44
60563,Naperville,False,not_started,44,3,4,0,0,37,5,2,0,0,0,3,4,0,0,0,25,19,0,0,5,9,26,4,13,48,11,,,45
60123,ELGIN,False,not_started,35,4,4,0,0,27,8,0,0,0,3,2,3,0,0,0,25,10,3,0,5,23,5,2,11,38,11,,,46
60616,CHICAGO,False,not_started,33,8,4,0,0,26,4,3,0,0,4,4,4,0,0,0,13,20,1,0,2,15,8,8,5,37,11,,,47
60067,PALATINE,False,not_started,32,7,2,0,0,24,8,0,2,1,2,3,1,0,0,0,16,16,10,0,4,19,8,1,9,36,11,,,48
60467,ORLAND PARK,False,not_started,28,6,8,0,0,25,2,1,0,0,1,5,8,0,0,0,18,10,4,0,4,17,6,1,8,36,11,,,49
60634,CHICAGO,False,not_started,55,2,2,0,0,48,4,3,1,0,0,1,2,0,0,0,19,36,17,0,2,34,13,6,7,58,10,,,50
60025,GLENVIEW,False,not_started,39,6,4,0,0,34,4,1,1,0,3,2,4,0,0,0,24,15,4,0,3,31,4,1,7,44,10,,,51
60477,TINLEY PARK,False,not_started,35,3,8,0,0,32,2,1,0,0,1,3,7,0,0,0,21,14,0,0,4,16,11,4,6,42,10,,,52
60525,LA GRANGE,False,not_started,29,5,3,0,0,22,4,3,0,0,0,5,3,0,0,0,14,15,3,0,1,15,11,2,9,32,10,,,53
60076,SKOKIE,False,not_started,21,7,5,0,0,18,3,0,2,0,1,4,5,0,0,0,10,11,1,0,3,13,2,3,3,28,10,,,54
60108,BLOOMINGDALE,False,not_started,24,6,2,0,0,16,7,1,0,0,2,4,2,0,0,0,16,8,1,0,3,13,4,4,8,26,10,,,55
60035,HIGHLAND PARK,False,not_started,21,10,1,0,0,13,7,0,2,1,3,5,1,0,0,0,14,7,1,0,3,15,2,1,8,24,10,,,56
60061,VERNON HILLS,False,not_started,20,3,4,0,0,14,6,0,0,0,1,2,4,0,0,0,12,8,2,0,5,10,3,2,8,24,10,,,57
60609,CHICAGO,False,not_started,16,1,5,0,0,11,2,1,2,1,0,0,5,0,0,0,8,8,2,0,2,4,7,3,7,22,10,,,58
60714,NILES,False,not_started,36,3,2,0,0,28,6,1,0,1,0,3,2,0,0,0,18,18,5,0,2,10,23,1,12,38,9,,,59
60543,Oswego,False,not_started,29,2,8,0,0,28,0,1,0,0,0,2,8,0,0,0,19,10,0,0,3,16,9,1,8,37,9,,,60
60103,BARTLETT,False,not_started,30,4,5,0,0,27,3,0,1,0,0,3,5,0,0,0,15,15,3,0,1,17,11,1,12,36,9,,,61
60137,GLEN ELLYN,False,not_started,30,3,7,0,0,26,4,0,0,1,1,3,5,0,0,0,19,11,2,0,4,19,4,3,4,36,9,,,62
60174,ST CHARLES,False,not_started,28,9,4,0,0,22,4,2,0,0,2,8,3,0,0,0,18,10,2,0,1,14,9,4,5,31,9,,,63
60134,GENEVA,False,not_started,25,5,4,0,0,20,3,2,1,0,2,3,3,0,0,0,21,4,2,0,1,17,5,2,2,29,9,,,64
60605,CHICAGO,False,not_started,23,6,4,0,0,18,5,0,1,1,1,4,3,0,0,0,11,12,0,0,2,6,12,3,8,28,9,,,65
60430,HOMEWOOD,False,not_started,18,6,5,0,0,15,2,1,2,1,1,3,4,0,0,0,11,7,4,0,2,12,3,1,4,25,9,,,66
60045,LAKE FOREST,False,not_started,12,11,4,0,0,10,2,0,4,1,2,5,3,0,0,0,8,4,0,0,2,6,1,3,2,20,9,,,67
60619,CHICAGO,False,not_started,14,4,6,0,0,10,4,0,0,1,1,3,5,0,0,0,10,4,0,0,3,5,6,0,4,20,9,,,68
60615,CHICAGO,False,not_started,11,3,4,0,0,8,3,0,2,0,0,1,4,0,0,0,6,5,1,0,1,7,2,1,5,17,9,,,69
60607,CHICAGO,False,not_started,45,10,3,0,0,39,4,2,0,1,1,9,2,0,0,0,21,24,4,0,2,18,16,9,12,48,8,,,70
60016,DES PLAINES,False,not_started,43,2,2,0,0,37,6,0,0,0,1,1,2,0,0,0,24,19,4,0,6,23,12,2,8,45,8,,,71
60639,CHICAGO,False,not_started,36,3,5,0,0,32,3,1,0,1,2,1,4,0,0,0,9,27,12,0,1,13,15,7,8,41,8,,,72
60629,CHICAGO,False,not_started,34,1,3,0,0,28,5,1,0,1,1,0,2,0,0,0,10,24,11,0,1,18,13,2,11,37,8,,,73
60610,CHICAGO,False,not_started,26,6,5,0,0,21,3,2,0,2,2,4,3,0,0,0,12,14,1,0,2,12,6,6,5,31,8,,,74
60053,MORTON GROVE,False,not_started,23,3,6,0,0,20,3,0,0,1,1,2,5,0,0,0,8,15,2,0,3,10,7,3,7,29,8,,,75
60521,Hinsdale,False,not_started,25,4,3,0,0,19,6,0,0,1,1,3,2,0,0,0,15,10,1,0,2,8,12,3,8,28,8,,,76
60411,CHICAGO HEIGHTS,False,not_started,22,2,3,0,0,17,4,1,0,0,1,1,3,0,0,0,12,10,2,0,0,9,9,4,3,25,8,,,77
60007,ELK GROVE VILLAGE,False,not_started,21,0,3,0,0,16,4,1,0,0,0,0,3,0,0,0,12,9,0,0,2,12,5,2,7,24,8,,,78
60532,Lisle,False,not_started,23,2,1,0,0,16,7,0,0,0,0,2,1,0,0,0,16,7,1,0,3,6,11,3,12,24,8,,,79
60804,CICERO,False,not_started,20,1,4,0,0,16,2,2,0,0,1,0,4,0,0,0,8,12,8,0,1,4,12,3,6,24,8,,,80
60188,CAROL STREAM,False,not_started,16,4,3,0,0,11,4,1,0,0,0,4,3,0,0,0,10,6,3,0,2,11,3,0,4,19,8,,,81
60422,FLOSSMOOR,False,not_started,13,3,1,0,0,7,3,3,1,0,1,1,1,0,0,0,8,5,1,0,2,7,2,2,3,15,8,,,82
60120,ELGIN,False,not_started,26,1,1,0,0,20,5,1,0,0,0,1,1,0,0,0,18,8,3,0,2,15,7,2,8,27,7,,,83
60074,PALATINE,False,not_started,19,2,3,0,0,15,4,0,1,1,1,0,2,0,0,0,11,8,3,0,3,7,7,2,6,23,7,,,84
60154,WESTCHESTER,False,not_started,21,0,2,0,0,16,2,3,0,0,0,0,2,0,0,0,15,6,1,0,0,12,5,4,6,23,7,,,85
60301,OAK PARK,False,not_started,18,3,2,0,0,14,4,0,1,0,0,2,2,0,0,0,11,7,2,0,5,9,3,1,4,21,7,,,86
60015,DEERFIELD,False,not_started,17,5,2,0,0,12,4,1,0,0,2,3,2,0,0,0,10,7,4,0,4,10,2,1,4,19,7,,,87
60510,BATAVIA,False,not_started,14,2,3,0,0,10,4,0,0,0,1,1,3,0,0,0,11,3,0,0,1,9,2,2,2,17,7,,,88
60632,CHICAGO,False,not_started,37,5,2,0,0,32,4,1,0,1,3,2,1,0,0,0,9,28,13,0,2,14,18,3,18,39,6,,,89
60527,Willowbrook,False,not_started,30,12,3,0,0,28,2,0,1,0,3,8,3,0,0,0,17,13,2,0,2,11,16,1,2,34,6,,,90
60302,OAK PARK,False,not_started,28,7,2,0,0,24,2,2,0,0,0,7,2,0,0,0,13,15,2,0,0,16,7,5,8,30,6,,,91
60643,CHICAGO,False,not_started,24,4,4,0,0,22,2,0,1,1,2,1,3,0,0,0,5,19,10,0,0,16,6,2,3,29,6,,,92
60504,Aurora,False,not_started,26,5,1,0,0,20,5,0,1,1,1,4,0,0,0,0,16,10,1,0,2,13,8,3,9,27,6,,,93
60451,New Lenox,False,not_started,23,2,2,0,0,19,4,0,0,0,1,1,2,0,0,0,14,9,3,0,0,10,13,0,7,25,6,,,94
60631,CHICAGO,False,not_started,23,5,1,0,0,19,3,1,1,0,1,3,1,0,0,0,13,10,5,0,1,13,8,1,8,25,6,,,95
60101,ADDISON,False,not_started,21,0,2,0,0,16,4,1,0,0,1,0,1,0,0,0,11,10,4,0,2,12,5,2,5,22,6,,,96
60523,Oak Brook,False,not_started,18,10,1,0,0,16,2,0,3,0,3,4,1,0,0,0,9,9,0,0,1,3,11,3,4,22,6,,,97
60712,LINCOLNWOOD,False,not_started,18,0,3,0,0,15,3,0,0,0,0,0,3,0,0,0,10,8,0,0,0,8,7,3,5,21,6,,,98
60305,RIVER FOREST,False,not_started,16,9,2,0,0,13,3,0,1,0,3,5,2,0,0,0,7,9,5,0,3,9,4,0,8,19,6,,,99
60026,GLENVIEW,False,not_started,13,8,1,0,0,9,3,0,2,0,2,5,1,0,0,0,8,5,4,0,4,6,3,0,4,15,6,,,100
60558,WESTERN SPRINGS,False,not_started,10,4,2,0,0,8,2,0,2,0,0,2,2,0,0,0,5,5,0,0,1,4,4,1,5,14,6,,,101
60461,OLYMPIA FIELDS,False,not_started,12,1,1,0,0,7,3,2,0,0,0,1,1,0,0,0,5,7,0,0,0,6,4,2,3,13,6,,,102
60603,CHICAGO,False,not_started,6,1,3,0,0,3,1,2,0,0,0,1,3,0,0,0,4,2,1,0,0,4,2,0,2,9,6,,,103
60613,CHICAGO,False,not_started,30,4,2,0,0,27,3,0,0,0,1,3,2,0,0,0,18,12,4,0,4,12,12,2,10,32,5,,,104
60612,CHICAGO,False,not_started,25,12,2,0,0,19,4,0,0,3,5,7,1,0,0,0,11,14,2,0,1,9,12,3,9,27,5,,,105
60654,CHICAGO,False,not_started,20,2,3,0,0,17,1,1,0,1,0,2,3,0,0,0,11,9,1,0,1,9,9,1,6,23,5,,,106
60091,WILMETTE,False,not_started,19,6,0,0,0,15,0,3,2,1,2,2,0,0,0,0,13,6,0,0,1,15,3,0,3,21,5,,,107
60193,SCHAUMBURG,False,not_started,17,2,3,0,0,14,3,0,0,1,2,0,2,0,0,0,10,7,3,0,2,8,6,1,5,20,5,,,108
60175,ST CHARLES,False,not_started,16,7,2,0,0,12,4,0,0,1,3,4,1,0,0,0,8,8,0,0,2,9,3,2,5,18,5,,,109
60018,DES PLAINES,False,not_started,13,0,3,0,0,11,2,0,0,0,0,0,3,0,0,0,7,6,1,0,2,8,2,1,2,16,5,,,110
60404,Shorewood,False,not_started,11,3,5,0,0,10,0,1,0,1,3,0,4,0,0,0,6,5,1,0,0,4,5,2,4,16,5,,,111
60652,CHICAGO,False,not_started,12,2,3,0,0,10,1,1,0,0,1,1,3,0,0,0,5,7,1,0,1,6,4,1,1,15,5,,,112
60516,Downers Grove,False,not_started,13,3,1,0,0,9,3,1,0,0,1,2,1,0,0,0,6,7,0,0,0,4,6,3,5,14,5,,,113
60606,CHICAGO,False,not_started,11,1,2,0,0,8,2,1,0,0,1,0,2,0,0,0,9,2,0,0,1,5,2,3,2,13,5,,,114
60585,Plainfield,False,not_started,9,4,1,0,0,7,2,0,2,0,1,1,1,0,0,0,4,5,2,0,1,3,5,0,2,12,5,,,115
60640,CHICAGO,False,not_started,38,5,3,0,0,36,2,0,0,1,2,3,2,0,0,0,18,20,5,0,5,16,17,0,9,41,4,,,116
60090,WHEELING,False,not_started,25,2,1,0,0,21,4,0,0,1,2,0,0,0,0,0,16,9,0,0,4,9,9,3,8,26,4,,,117
60194,SCHAUMBURG,False,not_started,23,5,1,0,0,18,3,1,0,2,1,4,0,0,0,0,10,13,6,0,4,12,6,1,5,24,4,,,118
60544,PLAINFIELD,False,not_started,20,5,2,0,0,19,1,0,1,0,0,4,2,0,0,0,13,7,3,0,2,11,6,1,8,23,4,,,119
60617,CHICAGO,False,not_started,20,2,3,0,0,18,2,0,0,1,1,1,2,0,0,0,8,12,3,0,3,8,8,1,3,23,4,,,120
60706,NORRIDGE,False,not_started,19,1,3,0,0,18,1,0,0,0,0,1,3,0,0,0,10,9,5,0,0,12,6,1,3,22,4,,,121
60439,Lemont,False,not_started,19,2,1,0,0,16,2,0,1,1,0,1,1,0,0,0,10,9,2,0,2,12,4,1,6,21,4,,,122
60465,Worth/Palos Heights,False,not_started,15,2,2,0,0,13,0,2,0,0,0,2,2,0,0,0,9,6,4,0,0,6,8,1,0,17,4,,,123
60139,GLENDALE HEIGHTS,False,not_started,13,2,1,0,0,11,0,2,1,0,0,1,1,0,0,0,7,6,2,0,2,8,2,1,2,15,4,,,124
60459,BURBANK,False,not_started,14,1,0,0,0,11,2,1,1,0,0,0,0,0,0,0,11,3,1,0,3,6,5,0,2,15,4,,,125
60542,NORTH AURORA,False,not_started,12,3,3,0,0,10,1,1,0,1,1,2,2,0,0,0,8,4,0,0,1,2,8,1,4,15,4,,,126
60131,FRANKLIN PARK,False,not_started,9,1,3,0,0,8,1,0,0,0,1,0,3,0,0,0,7,2,1,0,1,6,2,0,3,12,4,,,127
60565,Naperville,False,not_started,12,2,0,0,0,8,2,2,0,0,0,2,0,0,0,0,7,5,1,0,1,4,4,3,1,12,4,,,128
60195,SCHAUMBURG,False,not_started,10,1,1,0,0,7,3,0,0,0,1,0,1,0,0,0,6,4,0,0,3,5,2,0,3,11,4,,,129
60624,CHICAGO,False,not_started,5,0,2,0,0,3,2,0,0,0,0,0,2,0,0,0,2,3,0,0,0,3,2,0,3,7,4,,,130
60601,CHICAGO,False,not_started,24,3,4,0,0,23,1,0,0,1,2,2,2,0,0,0,13,11,1,0,2,10,6,6,5,27,3,,,131
60093,WINNETKA,False,not_started,20,8,3,0,0,19,0,1,0,0,4,5,2,0,0,0,12,8,4,0,1,17,2,0,2,22,3,,,132
60107,STREAMWOOD,False,not_started,20,1,1,0,0,19,1,0,1,0,0,0,1,0,0,0,10,10,2,0,3,12,4,1,3,22,3,,,133
60160,MELROSE PARK,False,not_started,20,0,1,0,0,18,1,0,1,0,0,0,1,0,0,0,11,9,1,0,1,12,7,0,5,21,3,,,134
60546,NORTH RIVERSIDE,False,not_started,19,3,2,0,0,18,1,0,0,0,1,2,2,0,0,0,9,10,3,0,1,11,6,1,1,21,3,,,135
60452,OAK FOREST,False,not_started,17,4,1,0,0,15,1,0,1,1,2,1,1,0,0,0,9,8,0,0,0,10,5,2,7,19,3,,,136
60628,CHICAGO,False,not_started,15,2,3,0,0,14,1,0,0,1,1,1,2,0,0,0,7,8,2,0,0,8,7,0,5,18,3,,,137
60805,EVERGREEN PARK,False,not_started,16,1,2,0,0,14,0,1,0,1,1,0,2,0,0,0,5,11,5,0,1,9,5,1,3,18,3,,,138
60645,CHICAGO,False,not_started,17,1,0,0,0,14,0,3,0,0,0,1,0,0,0,0,5,12,5,0,2,10,3,2,0,17,3,,,139
60448,Mokena,False,not_started,15,1,1,0,0,13,1,1,0,0,0,1,1,0,0,0,11,4,0,0,1,10,3,1,2,16,3,,,140
60620,CHICAGO,False,not_started,14,1,2,0,0,13,0,1,0,0,0,1,2,0,0,0,5,9,2,0,0,9,5,0,3,16,3,,,141
60441,Lockport,False,not_started,13,1,2,0,0,11,1,1,0,1,1,0,1,0,0,0,7,6,1,0,1,6,4,2,1,15,3,,,142
60513,BROOKFIELD,False,not_started,12,1,2,0,0,11,0,1,0,0,0,1,2,0,0,0,6,6,2,0,0,2,8,2,0,14,3,,,143
60189,WHEATON,False,not_started,11,3,1,0,0,10,1,0,1,0,0,2,1,0,0,0,8,3,1,0,1,8,1,1,2,13,3,,,144
60450,Morris,False,not_started,12,1,1,0,0,10,1,1,0,0,0,1,1,0,0,0,8,4,0,0,1,8,3,0,1,13,3,,,145
60586,Plainfield,False,not_started,11,1,2,0,0,10,0,1,0,0,0,1,2,0,0,0,7,4,0,0,1,3,5,2,4,13,3,,,146
60505,AURORA,False,not_started,12,1,0,0,0,9,3,0,0,0,0,1,0,0,0,0,9,3,2,0,2,2,6,2,3,12,3,,,147
60202,EVANSTON,False,not_started,10,1,1,0,0,8,2,0,0,0,0,1,1,0,0,0,5,5,0,0,2,5,3,0,3,11,3,,,148
60490,Bolingbrook,False,not_started,9,1,2,0,0,8,1,0,0,0,0,1,2,0,0,0,5,4,1,0,1,2,5,1,0,11,3,,,149
60560,Yorkville,False,not_started,9,2,2,0,0,7,2,0,0,1,1,1,1,0,0,0,7,2,2,0,1,6,2,0,1,11,3,,,150
60191,WOOD DALE,False,not_started,9,0,1,0,0,7,2,0,0,0,0,0,1,0,0,0,3,6,4,0,0,5,4,0,2,10,3,,,151
60431,Joliet,False,not_started,9,3,0,0,0,7,2,0,1,0,1,1,0,0,0,0,4,5,0,0,0,4,5,0,3,10,3,,,152
60637,CHICAGO,False,not_started,8,1,2,0,0,7,1,0,0,0,1,0,2,0,0,0,6,2,0,0,1,3,2,2,1,10,3,,,153
60130,FOREST PARK,False,not_started,6,3,2,0,0,5,0,1,0,0,0,3,2,0,0,0,4,2,0,0,1,4,1,0,0,8,3,,,154
60443,MATTESON,False,not_started,5,1,3,0,0,5,0,0,0,0,0,1,3,0,0,0,1,4,0,0,0,4,1,0,2,8,3,,,155
60548,SANDWICH,False,not_started,7,0,1,0,0,5,1,1,0,0,0,0,1,0,0,0,4,3,0,0,0,4,2,1,3,8,3,,,156
60642,CHICAGO,False,not_started,7,4,1,0,0,5,1,1,0,0,2,2,1,0,0,0,6,1,0,0,1,3,1,2,2,8,3,,,157
60482,WORTH,False,not_started,6,1,0,0,0,3,2,1,0,0,0,1,0,0,0,0,3,3,0,0,0,3,2,1,2,6,3,,,158
60638,CHICAGO,False,not_started,27,3,0,0,0,24,1,1,0,1,0,3,0,0,0,0,6,21,12,0,1,19,6,1,4,27,2,,,159
60660,CHICAGO,False,not_started,23,1,1,0,0,22,1,0,0,0,1,0,1,0,0,0,10,13,5,0,2,10,11,0,6,24,2,,,160
60172,ROSELLE,False,not_started,20,1,1,0,0,19,1,0,0,0,1,0,1,0,0,0,13,7,1,0,3,11,3,3,3,21,2,,,161
60473,SOUTH HOLLAND,False,not_started,16,6,1,0,0,15,1,0,0,0,2,4,1,0,0,0,11,5,1,0,1,10,3,2,1,17,2,,,162
60656,CHICAGO,False,not_started,16,3,1,0,0,15,1,0,0,0,2,1,1,0,0,0,9,7,3,0,1,11,3,1,4,17,2,,,163
60008,ROLLING MEADOWS,False,not_started,16,2,0,0,0,14,1,1,0,0,2,0,0,0,0,0,13,3,0,0,3,9,3,1,4,16,2,,,164
60438,LANSING,False,not_started,16,2,1,0,0,14,2,0,0,0,2,1,0,0,0,0,7,9,1,0,2,7,7,0,2,16,2,,,165
60133,HANOVER PARK,False,not_started,13,0,1,0,0,12,1,0,0,0,0,0,1,0,0,0,7,6,2,0,2,8,3,0,1,14,2,,,166
60190,WINFIELD,False,not_started,13,0,1,0,0,10,2,0,0,2,0,0,0,0,0,0,4,9,4,0,1,8,2,2,7,14,2,,,167
60655,CHICAGO,False,not_started,13,1,1,0,0,12,1,0,0,0,0,1,1,0,0,0,7,6,3,0,0,10,3,0,3,14,2,,,168
60649,CHICAGO,False,not_started,11,1,0,0,0,9,1,1,0,0,0,1,0,0,0,0,3,8,1,0,0,3,7,1,3,11,2,,,169
60406,BLUE ISLAND,False,not_started,8,1,2,0,0,8,0,0,0,0,1,0,2,0,0,0,7,1,0,0,1,4,3,0,1,10,2,,,170
60455,BRIDGEVIEW,False,not_started,9,2,1,0,0,8,1,0,0,0,1,1,1,0,0,0,5,4,4,0,2,3,4,0,1,10,2,,,171
60653,CHICAGO,False,not_started,7,1,2,0,0,6,0,0,0,1,0,1,2,0,0,0,3,4,0,0,0,5,0,2,0,9,2,,,172
60803,ALSIP,False,not_started,8,1,1,0,0,7,1,0,0,0,1,0,1,0,0,0,4,4,0,0,0,3,4,1,3,9,2,,,173
60164,NORTHLAKE,False,not_started,6,0,2,0,0,6,0,0,0,0,0,0,2,0,0,0,5,1,0,0,1,3,1,1,3,8,2,,,174
60445,CRESTWOOD,False,not_started,6,1,2,0,0,6,0,0,0,0,1,0,2,0,0,0,3,3,0,0,0,5,1,0,1,8,2,,,175
60621,CHICAGO,False,not_started,8,1,0,0,0,6,2,0,0,0,0,1,0,0,0,0,6,2,0,0,0,3,3,2,4,8,2,,,176
60403,Crest Hill,False,not_started,5,3,1,0,0,4,1,0,1,1,0,2,0,0,0,0,5,0,0,0,0,4,0,1,2,7,2,,,177
60604,CHICAGO,False,not_started,6,2,1,0,0,4,1,0,0,1,1,1,1,0,0,0,4,2,1,0,0,1,3,2,3,7,2,,,178
60503,Aurora,False,not_started,4,2,2,0,0,3,1,0,0,1,1,1,1,0,0,0,3,1,0,0,1,2,0,1,1,6,2,,,179
60418,CRESTWOOD,False,not_started,3,0,2,0,0,3,0,0,0,0,0,0,2,0,0,0,3,0,0,0,1,2,0,0,1,5,2,,,180
60534,LYONS,False,not_started,3,0,1,0,0,2,0,1,0,0,0,0,1,0,0,0,2,1,0,0,0,2,0,1,0,4,2,,,181
60069,LINCOLNSHIRE,False,not_started,2,4,1,0,0,1,1,0,1,0,1,3,0,0,0,0,2,0,0,0,0,1,1,0,1,3,2,,,182
60471,RICHTON PARK,False,not_started,3,0,0,0,0,1,2,0,0,0,0,0,0,0,0,0,3,0,0,0,0,2,1,0,2,3,2,,,183
60827,RIVERDALE,False,not_started,3,0,0,0,0,1,1,1,0,0,0,0,0,0,0,0,1,2,0,0,1,1,0,1,1,3,2,,,184
60446,Romeoville,False,not_started,11,0,2,0,0,10,1,0,0,2,0,0,0,0,0,0,4,7,2,0,2,4,5,0,5,13,1,,,185
60118,WEST DUNDEE,False,not_started,11,1,1,0,0,11,0,0,0,0,0,1,1,0,0,0,5,6,1,0,1,9,1,0,2,12,1,,,186
60526,La Grange,False,not_started,11,0,1,0,0,11,0,0,0,0,0,0,1,0,0,0,6,5,1,0,2,1,7,1,2,12,1,,,187
60409,CALUMET CITY,False,not_started,10,1,1,0,0,10,0,0,0,0,1,0,1,0,0,0,8,2,1,0,1,5,4,0,2,11,1,,,188
60457,HICKORY HILLS,False,not_started,9,1,1,0,0,9,0,0,0,0,0,1,1,0,0,0,5,4,1,0,0,7,2,0,0,10,1,,,189
60464,Palos Park,False,not_started,8,0,1,0,0,8,0,0,0,0,0,0,1,0,0,0,4,4,1,0,1,2,5,0,0,9,1,,,190
60304,OAK PARK,False,not_started,8,1,0,0,0,7,0,1,0,0,0,1,0,0,0,0,5,3,0,0,0,5,2,1,3,8,1,,,191
60636,CHICAGO,False,not_started,8,0,0,0,0,7,1,0,0,0,0,0,0,0,0,0,3,5,0,0,0,5,2,1,1,8,1,,,192
60153,MAYWOOD,False,not_started,7,1,0,0,0,6,1,0,0,0,0,1,0,0,0,0,3,4,0,0,0,5,1,1,2,7,1,,,193
60487,TINLEY PARK,False,not_started,6,1,1,0,0,5,1,0,0,1,1,0,0,0,0,0,3,3,0,0,0,3,1,2,1,7,1,,,194
60538,MONTGOMERY,False,not_started,7,1,0,0,0,6,1,0,0,0,0,1,0,0,0,0,5,2,0,0,1,2,4,0,4,7,1,,,195
60554,Sugar Grove,False,not_started,6,2,1,0,0,6,0,0,0,0,2,0,1,0,0,0,3,3,0,0,0,5,1,0,5,7,1,,,196
60651,CHICAGO,False,not_started,6,0,1,0,0,6,0,0,0,0,0,0,1,0,0,0,2,4,0,0,0,3,2,1,0,7,1,,,197
60661,CHICAGO,False,not_started,7,3,1,0,0,6,0,1,0,0,1,3,0,0,0,0,2,5,0,0,0,1,3,3,1,7,1,,,198
60070,PROSPECT HEIGHTS,False,not_started,5,0,1,0,0,5,0,0,0,0,0,0,1,0,0,0,4,1,0,0,1,4,0,0,0,6,1,,,199
60143,ITASCA,False,not_started,5,4,1,0,0,5,0,0,0,0,1,3,1,0,0,0,3,2,1,0,1,3,1,0,0,6,1,,,200
60171,RIVER GROVE,False,not_started,6,0,0,0,0,5,1,0,0,0,0,0,0,0,0,0,3,3,1,0,0,4,1,1,3,6,1,,,201
60415,CHICAGO RIDGE,False,not_started,5,1,0,0,0,4,0,0,1,1,0,0,0,0,0,0,2,3,0,0,0,3,2,0,0,6,1,,,202
60419,DOLTON,False,not_started,6,0,0,0,0,5,1,0,0,0,0,0,0,0,0,0,3,3,1,0,0,3,3,0,1,6,1,,,203
60449,MONEE,False,not_started,5,0,1,0,0,5,0,0,0,0,0,0,1,0,0,0,2,3,2,0,1,4,0,0,0,6,1,,,204
60644,CHICAGO,False,not_started,6,0,0,0,0,5,1,0,0,0,0,0,0,0,0,0,4,2,0,0,1,1,4,0,3,6,1,,,205
60436,Joliet,False,not_started,4,0,1,0,0,3,1,0,0,1,0,0,0,0,0,0,3,1,0,0,0,3,1,0,1,5,1,,,206
60447,Minooka,False,not_started,4,1,1,0,0,4,0,0,0,0,0,1,1,0,0,0,3,1,1,0,0,2,2,0,2,5,1,,,207
60501,SUMMIT,False,not_started,5,0,0,0,0,4,1,0,0,0,0,0,0,0,0,0,4,1,0,0,1,3,1,0,3,5,1,,,208
60040,HIGHWOOD,False,not_started,4,0,0,0,0,3,0,1,0,0,0,0,0,0,0,0,2,2,1,0,0,2,1,1,2,4,1,,,209
60155,BROADVIEW,False,not_started,3,0,1,0,0,3,0,0,0,0,0,0,1,0,0,0,2,1,0,0,0,2,1,0,0,4,1,,,210
60481,WILMINGTON,False,not_started,3,0,1,0,0,3,0,0,0,0,0,0,1,0,0,0,3,0,0,0,1,2,0,0,0,4,1,,,211
60442,MANHATTAN,False,not_started,2,1,0,0,0,2,0,0,1,0,0,0,0,0,0,0,1,1,0,0,0,1,1,0,0,3,1,,,212
60163,BERKELEY,False,not_started,2,0,0,0,0,1,1,0,0,0,0,0,0,0,0,0,2,0,0,0,0,1,1,0,1,2,1,,,213
60433,JOLIET,False,not_started,1,0,1,0,0,1,0,0,0,0,0,0,1,0,0,0,0,1,0,0,0,1,0,0,0,2,1,,,214
60511,Big Rock,False,not_started,1,0,0,0,0,0,0,1,0,0,0,0,0,0,0,0,1,0,0,0,0,0,0,1,0,1,1,,,215
60185,WEST CHICAGO,False,not_started,18,0,0,0,0,18,0,0,0,0,0,0,0,0,0,0,12,6,3,0,0,11,6,1,1,18,0,,,216
60502,Aurora,False,not_started,12,2,0,0,0,12,0,0,0,0,0,2,0,0,0,0,6,6,1,0,2,4,6,0,0,12,0,,,217
60106,BENSENVILLE,False,not_started,10,1,0,0,0,10,0,0,0,0,1,0,0,0,0,0,6,4,0,0,0,7,2,1,0,10,0,,,218
60110,CARPENTERSVILLE,False,not_started,8,4,1,0,0,8,0,0,0,1,3,1,0,0,0,0,6,2,0,0,0,6,2,0,2,9,0,,,219
60555,WARRENVILLE,False,not_started,9,1,0,0,0,9,0,0,0,0,1,0,0,0,0,0,7,2,0,0,3,6,0,0,0,9,0,,,220
60626,CHICAGO,False,not_started,7,1,0,0,0,7,0,0,0,0,0,1,0,0,0,0,4,3,2,0,0,4,3,0,0,7,0,,,221
60104,BELLWOOD,False,not_started,6,0,1,0,0,6,0,0,0,0,1,0,0,0,0,0,1,5,0,0,0,3,1,2,5,6,0,,,222
60124,ELGIN,False,not_started,6,2,0,0,0,6,0,0,0,0,1,1,0,0,0,0,4,2,0,0,0,5,0,1,0,6,0,,,223
60429,HAZEL CREST,False,not_started,6,0,0,0,0,6,0,0,0,0,0,0,0,0,0,0,1,5,0,0,0,4,2,0,0,6,0,,,224
60432,JOLIET,False,not_started,6,0,0,0,0,6,0,0,0,0,0,0,0,0,0,0,3,3,0,0,0,6,0,0,2,6,0,,,225
60514,Clarendon Hills,False,not_started,6,1,0,0,0,6,0,0,0,0,0,1,0,0,0,0,4,2,0,0,2,1,3,0,1,6,0,,,226
60119,ELBURN,False,not_started,4,0,0,0,0,4,0,0,0,0,0,0,0,0,0,0,3,1,1,0,0,3,0,1,0,4,0,,,227
60410,Channahon,False,not_started,4,1,0,0,0,4,0,0,0,0,0,1,0,0,0,0,2,2,0,0,1,2,1,0,2,4,0,,,228
60458,JUSTICE,False,not_started,4,0,0,0,0,4,0,0,0,0,0,0,0,0,0,0,2,2,0,0,0,2,2,0,0,4,0,,,229
60545,PLANO,False,not_started,4,0,0,0,0,4,0,0,0,0,0,0,0,0,0,0,3,1,0,0,0,2,2,0,2,4,0,,,230
60480,WILLOW SPRINGS,False,not_started,3,0,0,0,0,3,0,0,0,0,0,0,0,0,0,0,3,0,0,0,0,3,0,0,0,3,0,,,231
60022,GLENCOE,False,not_started,2,2,0,0,0,2,0,0,0,0,2,0,0,0,0,0,2,0,0,0,1,1,0,0,0,2,0,,,232
60416,COAL CITY,False,not_started,2,0,0,0,0,2,0,0,0,0,0,0,0,0,0,0,2,0,0,0,0,2,0,0,0,2,0,,,233
60456,HOMETOWN,False,not_started,2,0,0,0,0,2,0,0,0,0,0,0,0,0,0,0,2,0,0,0,1,1,0,0,0,2,0,,,234
60466,PARK FOREST,False,not_started,2,1,0,0,0,2,0,0,0,0,1,0,0,0,0,0,0,2,0,0,0,1,1,0,0,2,0,,,235
60468,PEOTONE,False,not_started,2,0,0,0,0,2,0,0,0,0,0,0,0,0,0,0,1,1,0,0,1,1,0,0,0,2,0,,,236
60633,CHICAGO,False,not_started,2,0,0,0,0,2,0,0,0,0,0,0,0,0,0,0,1,1,0,0,0,2,0,0,0,2,0,,,237
60151,Maple Park,False,not_started,1,0,0,0,0,1,0,0,0,0,0,0,0,0,0,0,1,0,0,0,0,0,0,1,0,1,0,,,238
60162,HILLSIDE,False,not_started,1,1,0,0,0,1,0,0,0,0,0,1,0,0,0,0,1,0,0,0,0,1,0,0,0,1,0,,,239
60165,STONE PARK,False,not_started,1,0,0,0,0,1,0,0,0,0,0,0,0,0,0,0,0,1,0,0,0,0,1,0,0,1,0,,,240
60176,SCHILLER PARK,False,not_started,1,0,0,0,0,1,0,0,0,0,0,0,0,0,0,0,1,0,0,0,0,0,1,0,0,1,0,,,241
60428,MARKHAM,False,not_started,1,0,0,0,0,1,0,0,0,0,0,0,0,0,0,0,0,1,0,0,0,1,0,0,0,1,0,,,242
60475,STEGER,False,not_started,1,0,0,0,0,1,0,0,0,0,0,0,0,0,0,0,1,0,0,0,0,0,1,0,0,1,0,,,243
60478,COUNTRY CLUB HILLS,False,not_started,1,0,0,0,0,1,0,0,0,0,0,0,0,0,0,0,0,1,0,0,0,1,0,0,0,1,0,,,244
60484,University Park,False,not_started,1,0,0,0,0,1,0,0,0,0,0,0,0,0,0,0,1,0,0,0,0,0,0,1,0,1,0,,,245
60017,Des Plaines,False,not_started,0,0,0,0,0,0,0,0,0,0,0,0,0,0,0,0,0,0,0,0,0,0,0,0,0,0,0,,,246
60037,Fort Sheridan,False,not_started,0,1,0,0,0,0,0,0,0,0,1,0,0,0,0,0,0,0,0,0,0,0,0,0,0,0,0,,,247
60038,Palatine,False,not_started,0,0,0,0,0,0,0,0,0,0,0,0,0,0,0,0,0,0,0,0,0,0,0,0,0,0,0,,,248
60121,Elgin,False,not_started,0,0,0,0,0,0,0,0,0,0,0,0,0,0,0,0,0,0,0,0,0,0,0,0,0,0,0,,,249
60122,Elgin,False,not_started,0,0,0,0,0,0,0,0,0,0,0,0,0,0,0,0,0,0,0,0,0,0,0,0,0,0,0,,,250
60138,Glen Ellyn,False,not_started,0,0,0,0,0,0,0,0,0,0,0,0,0,0,0,0,0,0,0,0,0,0,0,0,0,0,0,,,251
60144,Gilberts,False,not_started,0,0,0,0,0,0,0,0,0,0,0,0,0,0,0,0,0,0,0,0,0,0,0,0,0,0,0,,,252
60161,Burbank,False,not_started,0,0,0,0,0,0,0,0,0,0,0,0,0,0,0,0,0,0,0,0,0,0,0,0,0,0,0,,,253
60186,West Chicago,False,not_started,0,0,0,0,0,0,0,0,0,0,0,0,0,0,0,0,0,0,0,0,0,0,0,0,0,0,0,,,254
60203,Evanston,False,not_started,0,0,0,0,0,0,0,0,0,0,0,0,0,0,0,0,0,0,0,0,0,0,0,0,0,0,0,,,255
60412,Calumet Park,False,not_started,0,0,0,0,0,0,0,0,0,0,0,0,0,0,0,0,0,0,0,0,0,0,0,0,0,0,0,,,256
60421,Elwood,False,not_started,0,0,0,0,0,0,0,0,0,0,0,0,0,0,0,0,0,0,0,0,0,0,0,0,0,0,0,,,257
60425,Glenwood,False,not_started,0,0,0,0,0,0,0,0,0,0,0,0,0,0,0,0,0,0,0,0,0,0,0,0,0,0,0,,,258
60434,Joliet,False,not_started,0,1,0,0,0,0,0,0,0,0,1,0,0,0,0,0,0,0,0,0,0,0,0,0,0,0,0,,,259
60454,Oak Forest,False,not_started,0,0,0,0,0,0,0,0,0,0,0,0,0,0,0,0,0,0,0,0,0,0,0,0,0,0,0,,,260
60469,Posen,False,not_started,0,0,0,0,0,0,0,0,0,0,0,0,0,0,0,0,0,0,0,0,0,0,0,0,0,0,0,,,261
60472,Robbins,False,not_started,0,2,0,0,0,0,0,0,0,0,2,0,0,0,0,0,0,0,0,0,0,0,0,0,0,0,0,,,262
60476,Thornton,False,not_started,0,0,0,0,0,0,0,0,0,0,0,0,0,0,0,0,0,0,0,0,0,0,0,0,0,0,0,,,263
60512,Bristol,False,not_started,0,0,0,0,0,0,0,0,0,0,0,0,0,0,0,0,0,0,0,0,0,0,0,0,0,0,0,,,264
60519,Eola,False,not_started,0,0,0,0,0,0,0,0,0,0,0,0,0,0,0,0,0,0,0,0,0,0,0,0,0,0,0,,,265
60536,Millbrook,False,not_started,0,0,0,0,0,0,0,0,0,0,0,0,0,0,0,0,0,0,0,0,0,0,0,0,0,0,0,,,266
60537,Millington,False,not_started,0,0,0,0,0,0,0,0,0,0,0,0,0,0,0,0,0,0,0,0,0,0,0,0,0,0,0,,,267
60539,Mooseheart,False,not_started,0,0,0,0,0,0,0,0,0,0,0,0,0,0,0,0,0,0,0,0,0,0,0,0,0,0,0,,,268
60541,Newark,False,not_started,0,0,0,0,0,0,0,0,0,0,0,0,0,0,0,0,0,0,0,0,0,0,0,0,0,0,0,,,269
